np,size,impl,bandwidth
4,8,my_broadcast,9.523810e+06
4,8,MPI_Bcast,1.777778e+07
4,16,my_broadcast,2.962963e+07
4,16,MPI_Bcast,3.478261e+07
4,32,my_broadcast,5.925926e+07
4,32,MPI_Bcast,7.111111e+07
4,64,my_broadcast,1.163636e+08
4,64,MPI_Bcast,9.696970e+07
4,128,my_broadcast,2.245614e+08
4,128,MPI_Bcast,1.729730e+08
4,256,my_broadcast,4.266667e+08
4,256,MPI_Bcast,3.555556e+08
4,512,my_broadcast,2.169492e+08
4,512,MPI_Bcast,3.968992e+08
4,1024,my_broadcast,4.213992e+08
4,1024,MPI_Bcast,7.474453e+08
4,2048,my_broadcast,7.447273e+08
4,2048,MPI_Bcast,1.321290e+09
4,4096,my_broadcast,8.000000e+08
4,4096,MPI_Bcast,1.122192e+09
4,8192,my_broadcast,1.195912e+09
4,8192,MPI_Bcast,1.710230e+09
4,16384,my_broadcast,1.866059e+09
4,16384,MPI_Bcast,1.563359e+09
4,32768,my_broadcast,1.694312e+09
4,32768,MPI_Bcast,2.478669e+09
4,65536,my_broadcast,2.946763e+09
4,65536,MPI_Bcast,4.667806e+09
4,131072,my_broadcast,1.716051e+09
4,131072,MPI_Bcast,3.910263e+09
4,262144,my_broadcast,3.900952e+09
4,262144,MPI_Bcast,4.051059e+09
4,524288,my_broadcast,3.643166e+09
4,524288,MPI_Bcast,3.058678e+09
4,1048576,my_broadcast,3.829855e+09
4,1048576,MPI_Bcast,2.905850e+09
4,2097152,my_broadcast,4.004721e+09
4,2097152,MPI_Bcast,4.284186e+09
4,4194304,my_broadcast,2.423417e+09
4,4194304,MPI_Bcast,4.304057e+09
4,8388608,my_broadcast,3.477951e+09
4,8388608,MPI_Bcast,4.937525e+09
4,16777216,my_broadcast,3.838697e+09
4,16777216,MPI_Bcast,5.056440e+09
4,33554432,my_broadcast,3.906943e+09
4,33554432,MPI_Bcast,5.421764e+09
4,67108864,my_broadcast,3.836901e+09
4,67108864,MPI_Bcast,5.475521e+09
4,134217728,my_broadcast,3.457048e+09
4,134217728,MPI_Bcast,4.231671e+09
4,268435456,my_broadcast,3.629824e+09
4,268435456,MPI_Bcast,4.298540e+09
