np,size,impl,bandwidth
32,8,my_broadcast,9.864365e+05
32,8,MPI_Bcast,5.333333e+07
32,16,my_broadcast,1.194030e+07
32,16,MPI_Bcast,1.632653e+07
32,32,my_broadcast,2.191781e+07
32,32,MPI_Bcast,3.047619e+07
32,64,my_broadcast,2.935780e+07
32,64,MPI_Bcast,3.615819e+07
32,128,my_broadcast,4.555160e+07
32,128,MPI_Bcast,5.224490e+07
32,256,my_broadcast,1.039383e+07
32,256,MPI_Bcast,6.336634e+07
32,512,my_broadcast,7.303747e+05
32,512,MPI_Bcast,1.700432e+07
32,1024,my_broadcast,1.395247e+06
32,1024,MPI_Bcast,3.401993e+07
32,2048,my_broadcast,2.849352e+06
32,2048,MPI_Bcast,6.684073e+07
32,4096,my_broadcast,2.586446e+06
32,4096,MPI_Bcast,4.273344e+07
32,8192,my_broadcast,5.262076e+06
32,8192,MPI_Bcast,9.391264e+07
32,16384,my_broadcast,1.057339e+07
32,16384,MPI_Bcast,1.771435e+08
32,32768,my_broadcast,2.030915e+07
32,32768,MPI_Bcast,3.383726e+08
32,65536,my_broadcast,4.074482e+07
32,65536,MPI_Bcast,5.609038e+08
32,131072,my_broadcast,5.335309e+07
32,131072,MPI_Bcast,6.849498e+08
32,262144,my_broadcast,7.895737e+07
32,262144,MPI_Bcast,8.395593e+08
32,524288,my_broadcast,9.188009e+07
32,524288,MPI_Bcast,9.010552e+08
32,1048576,my_broadcast,1.070981e+08
32,1048576,MPI_Bcast,9.736443e+08
32,2097152,my_broadcast,1.124604e+08
32,2097152,MPI_Bcast,9.592681e+08
32,4194304,my_broadcast,1.231431e+08
32,4194304,MPI_Bcast,9.545243e+08
32,8388608,my_broadcast,1.169206e+08
32,8388608,MPI_Bcast,9.118875e+08
32,16777216,my_broadcast,1.208929e+08
32,16777216,MPI_Bcast,1.013636e+09
32,33554432,my_broadcast,1.235837e+08
32,33554432,MPI_Bcast,8.759487e+08
32,67108864,my_broadcast,1.224701e+08
32,67108864,MPI_Bcast,8.746388e+08
32,134217728,my_broadcast,9.178962e+07
32,134217728,MPI_Bcast,2.282322e+08
32,268435456,my_broadcast,8.121546e+07
32,268435456,MPI_Bcast,1.675721e+08
